step	loss
0	0.006119155790656805
1	0.002105922671034932
2	0.0016672038473188877
